AUTHOR,JOURNAL,MONTH,YEAR,POEM TITLE,FILENAME,VOL,NO,NOTES
DAVIES_MARY,Oth,7,1915,Songs of a little girl,oth0001.txt,1,1,
LOY_MINA,Oth,7,1915,Love songs,oth0002.txt,1,1,
JOHNS_ORRICK,Oth,7,1915,Olives,oth0003.txt,1,1,
HOLLEY_HORACE,Oth,7,1915,You,oth0004.txt,1,1,
HOLLEY_HORACE,Oth,7,1915,Hertha,oth0005.txt,1,1,
HOLLEY_HORACE,Oth,7,1915,The Idiot,oth0006.txt,1,1,
KREYMBORG_ALFRED,Oth,7,1915,Variations,oth0007.txt,1,1,
KREYMBORG_ALFRED,Oth,7,1915,Overhead in an asylum,oth0008.txt,1,1,
LOWELL_AMY,Oth,8,1915,The Peddler of flowers,oth0009.txt,1,2,
LOWELL_AMY,Oth,8,1915,A Comparison,oth0010.txt,1,2,
LOWELL_AMY,Oth,8,1915,Trees,oth0011.txt,1,2,
HARTPENCE_ALANSON,Oth,8,1915, Revenge,oth0012.txt,1,2,
WILLIAMS_WILLIAM,Oth,8,1915,Pastoral,oth0013.txt,1,2,
WILLIAMS_WILLIAM,Oth,8,1915,Pastoral - II,oth0014.txt,1,2,
WILLIAMS_WILLIAM,Oth,8,1915,The Ogre,oth0015.txt,1,2,
WILLIAMS_WILLIAM,Oth,8,1915,Appeal,oth0016.txt,1,2,
CANNELL_SKIPWITH,Oth,8,1915, The Coming of night,oth0017.txt,1,2,
CANNELL_SKIPWITH,Oth,8,1915,To England,oth0018.txt,1,2,
BROWN_ROBERT,Oth,8,1915,I am Aladin,oth0019.txt,1,2,
STEVENS_WALLACE,Oth,8,1915,Peter Quince at the clavier,oth0020.txt,1,2,
STEVENS_WALLACE,Oth,8,1915,The Silver plough-boy,oth0021.txt,1,2,
ELIOT_T,Oth,9,1915,The Portrait of a lady,oth0022.txt,1,3,
FLETCHER_JOHN,Oth,9,1915,Invocation,oth0023.txt,1,3,
FLETCHER_JOHN,Oth,9,1915,Women's song at the time of the green-corn dance,oth0024.txt,1,3,
FLETCHER_JOHN,Oth,9,1915,War song,oth0025.txt,1,3,
BODENHEIM_MAXWELL,Oth,9,1915,The Cotton Picker,oth0026.txt,1,3,Added
BODENHEIM_MAXWELL,Oth,9,1915,Sunday in a certain city suburb,oth0027.txt,1,3,
BODENHEIM_MAXWELL,Oth,9,1915,The Rear-porches of an apartment building,oth0028.txt,1,3,
BODENHEIM_MAXWELL,Oth,9,1915,The Vagabond in the park,oth0029.txt,1,3,
BODENHEIM_MAXWELL,Oth,9,1915,After writing poetry,oth0030.txt,1,3,
ARENSBERG_WALTER,Oth,9,1915,Voyage a l'infini,oth0031.txt,1,3,
ARENSBERG_WALTER,Oth,9,1915, The Voice of one dead,oth0032.txt,1,3,
ARENSBERG_WALTER,Oth,9,1915,June,oth0033.txt,1,3,
ARENSBERG_WALTER,Oth,9,1915, For forms that are free,oth0034.txt,1,3,
SAINSBURG_HELEN,Oth,10,1915, Epithalamion,oth0035.txt,1,4,
SAINSBURG_HELEN,Oth,10,1915,Spring,oth0036.txt,1,4,
DILLON_KATHLEEN,Oth,10,1915, Two poems for dancing,oth0037.txt,1,4,
RODKER_JOHN,Oth,10,1915,Twilight I,oth0038.txt,1,4,
RODKER_JOHN,Oth,10,1915,The Lunatic,oth0039.txt,1,4,
RODKER_JOHN,Oth,10,1915,"""Hi, hi, hi. . . . "" - Verlaine",oth0040.txt,1,4,Added
RODKER_JOHN,Oth,10,1915,Pierrot,oth0041.txt,1,4,
RODKER_JOHN,Oth,10,1915,Her first love,oth0042.txt,1,4,
RODKER_JOHN,Oth,10,1915,Going home,oth0043.txt,1,4,
RODKER_JOHN,Oth,10,1915, Backtalk,oth0044.txt,1,4,
RODKER_JOHN,Oth,10,1915,The Moonmaiden,oth0045.txt,1,4,Added
RODKER_JOHN,Oth,10,1915,Interlude-nostalgie de linfini,oth0046.txt,1,4,
RODKER_JOHN,Oth,10,1915,The Plot thickens,oth0047.txt,1,4,
RODKER_JOHN,Oth,10,1915,The Emperors nightingale,oth0048.txt,1,4,
RODKER_JOHN,Oth,10,1915,Celtic,oth0049.txt,1,4,
RODKER_JOHN,Oth,10,1915,The Compassionate pilgrim,oth0050.txt,1,4,
RODKER_JOHN,Oth,10,1915,The Betrayal,oth0051.txt,1,4,
RODKER_JOHN,Oth,10,1915,Excuses himself for being concerned at her going,oth0052.txt,1,4,
RODKER_JOHN,Oth,10,1915,Day-dreaming,oth0053.txt,1,4,
RODKER_JOHN,Oth,10,1915,In defence,oth0054.txt,1,4,
RODKER_JOHN,Oth,10,1915,Columbia becomes advanced,oth0055.txt,1,4,
GREGG_FRANCES,Oth,11,1915,Quest,oth0056.txt,1,5,Added
GREGG_FRANCES,Oth,11,1915,Perche,oth0057.txt,1,5,Added
GREGG_FRANCES,Oth,11,1915,Le Ombres de la Mer,oth0058.txt,1,5,Added
GREGG_FRANCES,Oth,11,1915,Hermaphroditus,oth0059.txt,1,5,Added
GREGG_FRANCES,Oth,11,1915,Iris,oth0060.txt,1,5,Added
HOYT_HELEN,Oth,11,1915,Homage,oth0061.txt,1,5,Added
HOYT_HELEN,Oth,11,1915,Wood Fear,oth0062.txt,1,5,Added
HOYT_HELEN,Oth,11,1915,Park Goint to Sleep,oth0063.txt,1,5,Added
HOYT_HELEN,Oth,11,1915,Coignes,oth0064.txt,1,5,Added
HOYT_HELEN,Oth,11,1915,Rays,oth0065.txt,1,5,Added
ALDINGTON_RICHARD,Oth,11,1915,In the Tube,oth0066.txt,1,5,Added
ALDINGTON_RICHARD,Oth,11,1915,Cinema Exit,oth0067.txt,1,5,Added
POUND_EZRA,Oth,11,1915,The Tea Shop,oth0068.txt,1,5,Added
POUND_EZRA,Oth,11,1915,Phylidula,oth0069.txt,1,5,Added
POUND_EZRA,Oth,11,1915,The Patterns,oth0070.txt,1,5,Added
POUND_EZRA,Oth,11,1915,Shop Girl,oth0071.txt,1,5,Added
POUND_EZRA,Oth,11,1915,Another Man's Wife,oth0072.txt,1,5,Added
POUND_EZRA,Oth,11,1915,Coda,oth0073.txt,1,5,Added
WOLFF_ADOLF,Oth,11,1915,Prison Weeds,oth0074.txt,1,5,Added
SANBORN_ROBERT,Oth,11,1915,Soul of the Lotus,oth0075.txt,1,5,Added
SANBORN_ROBERT,Oth,11,1915,Lento,oth0076.txt,1,5,Added
SANBORN_ROBERT,Oth,11,1915,The Water-Front,oth0077.txt,1,5,Added
SANBORN_ROBERT,Oth,11,1915,The Snake Passes,oth0078.txt,1,5,Added
SANBORN_ROBERT,Oth,11,1915,Tidal Gossip,oth0079.txt,1,5,Added
SANBORN_ROBERT,Oth,11,1915,Mauve,oth0080.txt,1,5,Added
ALDIS_MARY,Oth,12,1915,The Sisters,oth0081.txt,1,6,Added
MOORE_MARIANNE,Oth,12,1915,To Statecraft Embalmed,oth0082.txt,1,6,Added
MOORE_MARIANNE,Oth,12,1915,To a Friend in the Making,oth0083.txt,1,6,Added
MOORE_MARIANNE,Oth,12,1915,Blake,oth0084.txt,1,6,Added
MOORE_MARIANNE,Oth,12,1915,George Moore,oth0085.txt,1,6,Added
LACROIX_ADON,Oth,12,1915,Intimacy,oth0086.txt,1,6,Added
RAY_MAN,Oth,12,1915,Three Dimensions,oth0087.txt,1,6,Added
COLUM_PADRAIC,Oth,12,1915,Old Men Complaining,oth0088.txt,1,6,Added
SANDBURG_CARL,Oth,12,1915,Becker,oth0089.txt,1,6,Added
DELENCOUR_VAIL,Oth,12,1915,Poem,oth0090.txt,1,6,Added
DELENCOUR_VAIL,Oth,12,1915,From Athene to Aphrodite,oth0091.txt,1,6,Added
REYHER_FERDINAND,Oth,12,1915,Kaleidescopics,oth0092.txt,1,6,Added
ZORACH_MARGUERITE,Oth,1,1916,Lalla ram,oth0093.txt,2,1,
ZORACH_MARGUERITE,Oth,1,1916, Hong Kong,oth0094.txt,2,1,
GROFF_ALICE,Oth,1,1916, Herm-Aphrodite-us,oth0095.txt,2,1,
CANNELL_KATHLEEN,Oth,1,1916, Elusion,oth0096.txt,2,1,
KUEFFNER_LOUISE,Oth,1,1916,The Prairie,oth0097.txt,2,1,
KUEFFNER_LOUISE,Oth,1,1916,The Sea,oth0098.txt,2,1,
BOYESEN_BAYARD,Oth,1,1916, Over the ultimate,oth0099.txt,2,1,
McCLURE_JOHN,Oth,1,1916,Wanderers,oth0100.txt,2,1,
McCLURE_JOHN,Oth,1,1916,Somnambulist,oth0101.txt,2,1,
McCLURE_JOHN,Oth,1,1916,Visitants,oth0102.txt,2,1,
McCLURE_JOHN,Oth,1,1916,Hearts-ease,oth0103.txt,2,1,
McCARTHY_JOHN,Oth,1,1916,Sunday morning,oth0104.txt,2,1,
McCARTHY_JOHN,Oth,1,1916,The Thief,oth0105.txt,2,1,
McCARTHY_JOHN,Oth,1,1916,Satisfaction,oth0106.txt,2,1,
GOLDRING_DOUGLAS,Oth,1,1916,Maisonnettes,oth0107.txt,2,1,
GOLDRING_DOUGLAS,Oth,1,1916,The Highbrowettes,oth0108.txt,2,1,Added
BEACH_JOSEPH,Oth,1,1916,Nostalgia,oth0109.txt,2,1,
KEGEL_WILHELM,Oth,1,1916, The Ends justify,oth0110.txt,2,1,
SWASEY_ROBERT,Oth,1,1916,The city in summer,oth0111.txt,2,1,
WATTS_ALFRED,Oth,1,1916,Question nocturnal,oth0112.txt,2,1,
WATTS_ALFRED,Oth,1,1916, The Current,oth0113.txt,2,1,
WATTS_ALFRED,Oth,1,1916,In the park: for Fabouche November1914,oth0114.txt,2,1,
OBRIEN_EDWARD,Oth,1,1916,Hellenica,oth0115.txt,2,1,Added
ENDICOFF_MAX,Oth,1,1916,The Subway,oth0116.txt,2,1,
ENDICOFF_MAX,Oth,1,1916,The Sea-liner,oth0117.txt,2,1,
ENDICOFF_MAX,Oth,1,1916,The Public library,oth0118.txt,2,1,
ENDICOFF_MAX,Oth,1,1916,The Terminal,oth0119.txt,2,1,
WILLIAMS_WILLIAM,Oth,2,1916,Metric figure,oth0120.txt,2,2,
WILLIAMS_WILLIAM,Oth,2,1916,Tract,oth0121.txt,2,2,
WILLIAMS_WILLIAM,Oth,2,1916,Touche,oth0122.txt,2,2,
WILLIAMS_WILLIAM,Oth,2,1916,To a solitary disciple,oth0123.txt,2,2,
WILLIAMS_WILLIAM,Oth,2,1916,Epigramme,oth0124.txt,2,2,
KREYMBORG_ALFRED,Oth,2,1916,Convention,oth0125.txt,2,2,
KREYMBORG_ALFRED,Oth,2,1916,Man tells,oth0126.txt,2,2,
KREYMBORG_ALFRED,Oth,2,1916,Woman tells,oth0127.txt,2,2,
KREYMBORG_ALFRED,Oth,2,1916,Vistas,oth0128.txt,2,2,
KREYMBORG_ALFRED,Oth,2,1916,The Whip of the unborn,oth0129.txt,2,2,
KREYMBORG_ALFRED,Oth,2,1916,Little folks,oth0130.txt,2,2,
KREYMBORG_ALFRED,Oth,2,1916,In the next room,oth0131.txt,2,2,
KREYMBORG_ALFRED,Oth,2,1916,To H.S.,oth0132.txt,2,2,
KREYMBORG_ALFRED,Oth,2,1916,Earth wisdom,oth0133.txt,2,2,
KREYMBORG_ALFRED,Oth,2,1916,Improvisation,oth0134.txt,2,2,
KREYMBORG_ALFRED,Oth,2,1916,A Sword,oth0135.txt,2,2,
KREYMBORG_ALFRED,Oth,2,1916,Toward love,oth0136.txt,2,2,
KREYMBORG_ALFRED,Oth,2,1916,"To W.C.W., M.D.",oth0137.txt,2,2,
CANNELL_SKIPWITH,Oth,2,1916,Ikons,oth0138.txt,2,2,
CRAPSEY_ADELAIDE,Oth,3,1916,November night,oth0139.txt,2,3,
CRAPSEY_ADELAIDE,Oth,3,1916,Release,oth0140.txt,2,3,
CRAPSEY_ADELAIDE,Oth,3,1916,Triad,oth0141.txt,2,3,Added
CRAPSEY_ADELAIDE,Oth,3,1916,Trapped,oth0142.txt,2,3,
CRAPSEY_ADELAIDE,Oth,3,1916,Moon-shadows,oth0143.txt,2,3,
CRAPSEY_ADELAIDE,Oth,3,1916,Susanna and the elders,oth0144.txt,2,3,
CRAPSEY_ADELAIDE,Oth,3,1916,Youth,oth0145.txt,2,3,
CRAPSEY_ADELAIDE,Oth,3,1916,The Guarded wound,oth0146.txt,2,3,
CRAPSEY_ADELAIDE,Oth,3,1916,Winter,oth0147.txt,2,3,
CRAPSEY_ADELAIDE,Oth,3,1916,Night winds,oth0148.txt,2,3,
CRAPSEY_ADELAIDE,Oth,3,1916, Amaze,oth0149.txt,2,3,
CRAPSEY_ADELAIDE,Oth,3,1916,The Warning,oth0150.txt,2,3,
CRAPSEY_ADELAIDE,Oth,3,1916,Fate defied,oth0151.txt,2,3,
PEARCE_LEILA,Oth,3,1916,Machine made,oth0152.txt,2,3,
STEVENS_WALLACE,Oth,3,1916,Domination of black,oth0153.txt,2,3,
STEVENS_WALLACE,Oth,3,1916,Tattoo,oth0154.txt,2,3,
STEVENS_WALLACE,Oth,3,1916,The Florist wear knee-breeches,oth0155.txt,2,3,
STEVENS_WALLACE,Oth,3,1916,Song,oth0156.txt,2,3,
STEVENS_WALLACE,Oth,3,1916,Six significant landscapes,oth0157.txt,2,3,
STEVENS_WALLACE,Oth,3,1916,Inscription for a monument,oth0158.txt,2,3,
STEVENS_WALLACE,Oth,3,1916,Bowl,oth0159.txt,2,3,
FICKE_ARTHUR,Oth,3,1916, The Dancers,oth0160.txt,2,3,
SANDBURG_CARL,Oth,3,1916,Child,oth0161.txt,2,3,
SANDBURG_CARL,Oth,3,1916,Statistics,oth0162.txt,2,3,
SANDBURG_CARL,Oth,3,1916,Icy Shores,oth0163.txt,2,3,Added
SANDBURG_CARL,Oth,3,1916,Walrus Bay,oth0164.txt,2,3,
SANDBURG_CARL,Oth,3,1916,Solitude,oth0165.txt,2,3,
BURKE_KENNETH,Oth,3,1916, Adams song and mine,oth0166.txt,2,3,
RAMOS_EDWARD,Oth,3,1916, Chanson triste,oth0167.txt,2,3,
RAMOS_EDWARD,Oth,3,1916,Larbre mystique,oth0168.txt,2,3,
RAMOS_EDWARD,Oth,3,1916,Rapiers a deux points (to G.K.),oth0169.txt,2,3,
SANBORN_ROBERT,Oth,3,1916,The Deserted balloon,oth0170.txt,2,3,
HOYT_HELEN,Oth,4,1916,Desire,oth0171.txt,2,4,
HOYT_HELEN,Oth,4,1916,Escape,oth0172.txt,2,4,
HOYT_HELEN,Oth,4,1916,Riddle,oth0173.txt,2,4,
HOYT_HELEN,Oth,4,1916,Vita nuova,oth0174.txt,2,4,
SEIFFERT_MARJORIE,Oth,4,1916,November Afternoon,oth0175.txt,2,4,
SEIFFERT_MARJORIE,Oth,4,1916,The Last illusion,oth0176.txt,2,4,
SEIFFERT_MARJORIE,Oth,4,1916,Disillusion,oth0177.txt,2,4,
DAVIES_MARY,Oth,4,1916,"Later songs, nos ii, iv",oth0178.txt,2,4,
SANBORN_PITTS,Oth,4,1916,Sauce supreme (to E.L.),oth0179.txt,2,4,
SANBORN_PITTS,Oth,4,1916, Grandees of Spain,oth0180.txt,2,4,
BODENHEIM_MAXWELL,Oth,4,1916,The Cafeteria,oth0181.txt,2,4,
BODENHEIM_MAXWELL,Oth,4,1916,To a man,oth0182.txt,2,4,Added
BODENHEIM_MAXWELL,Oth,4,1916,Impression of a woman,oth0183.txt,2,4,
BODENHEIM_MAXWELL,Oth,4,1916,A Day,oth0184.txt,2,4,
BODENHEIM_MAXWELL,Oth,4,1916, To A.K.,oth0185.txt,2,4,
BODENHEIM_MAXWELL,Oth,4,1916,An Old Negro asleep,oth0186.txt,2,4,
BODENHEIM_MAXWELL,Oth,4,1916,In the park,oth0187.txt,2,4,
BODENHEIM_MAXWELL,Oth,4,1916,Death,oth0188.txt,2,4,Reprinted in 3.4
BODENHEIM_MAXWELL,Oth,4,1916,Just after the middle age,oth0189.txt,2,4,
BODENHEIM_MAXWELL,Oth,4,1916,First meeting,oth0190.txt,2,4,Reprinted in 3.4
BODENHEIM_MAXWELL,Oth,4,1916,Images of emotion,oth0191.txt,2,4,
DORGE_JEANNE,Oth,6,1916,The Meat-press,oth0192.txt,2,6,
DORGE_JEANNE,Oth,6,1916,Ruts,oth0193.txt,2,6,
DORGE_JEANNE,Oth,6,1916,Legend,oth0194.txt,2,6,
DORGE_JEANNE,Oth,6,1916,Initiation,oth0195.txt,2,6,
DORGE_JEANNE,Oth,6,1916,Mortality,oth0196.txt,2,6,
DORGE_JEANNE,Oth,6,1916,The Crystal,oth0197.txt,2,6,
DORGE_JEANNE,Oth,6,1916,The Question,oth0198.txt,2,6,
DORGE_JEANNE,Oth,6,1916,The Microscope,oth0199.txt,2,6,
LEE_MUNA,Oth,6,1916,I thought love would come gloriously with a clash,oth0200.txt,2,6,
BLAIR_ANNIE,Oth,6,1916, Wedded to a shrew,oth0201.txt,2,6,
S_S,Oth,6,1916, And death came,oth0202.txt,2,6,
JOHNS_ORRICK,Oth,6,1916,Glass,oth0203.txt,2,6,
JOHNS_ORRICK,Oth,6,1916,Butterflies,oth0204.txt,2,6,
JOHNS_ORRICK,Oth,6,1916,What you said to God,oth0205.txt,2,6,
JOHNS_ORRICK,Oth,6,1916,Candles,oth0206.txt,2,6,
GLAENZER_RICHARD,Oth,6,1916, Souvenir of Domenica,oth0207.txt,2,6,
GLAENZER_RICHARD,Oth,6,1916,LArc de Triomphe,oth0208.txt,2,6,
GLAENZER_RICHARD,Oth,6,1916,Scales,oth0209.txt,2,6,
MASTERS_EDGAR,Oth,6,1916,The Subway,oth0210.txt,2,6,
WOLFF_ADOLF,Oth,6,1916, Fireflies,oth0211.txt,2,6,
DE_CASSERES_BENJAMIN,Oth,6,1916,The Haunted House,oth0212.txt,2,6,
HOLLEY_HORACE,Oth,6,1916,Divinations,oth0213.txt,2,6,
MASSECK_CLINTON,Oth,6,1916,A Day and its journey,oth0214.txt,2,6,
AIKEN_CONRAD,Oth,6,1916,Meretrix: ironic,oth0215.txt,2,6,
SANDBURG_CARL,Oth,7,1916,Others,oth0216.txt,3,1,Added
MOORE_MARIANNE,Oth,7,1916,Critics and Connoisseurs,oth0217.txt,3,1,Added
STEVENS_WALLACE,Oth,7,1916,The Worms at Heaven's Gate,oth0218.txt,3,1,Added
LOWELL_AMY,Oth,7,1916,Reflections,oth0219.txt,3,1,Added
LOWELL_AMY,Oth,7,1916,Falling Snow,oth0220.txt,3,1,Added
LOWELL_AMY,Oth,7,1916,Hoar-Frost,oth0221.txt,3,1,Added
CANNELL_SKIPWITH,Oth,7,1916,On a London Tennis Court,oth0222.txt,3,1,Added
HOYT_HELEN,Oth,7,1916,Damask,oth0223.txt,3,1,Added
FLETCHER_JOHN,Oth,7,1916,Dirge of the Work-Horses,oth0224.txt,3,1,Added
BARRY_IRIS,Oth,7,1916,The Daughter,oth0225.txt,3,1,Added
HARTPENCE_ALANSON,Oth,7,1916,Night,oth0226.txt,3,1,Added
AIKEN_CONRAD,Oth,7,1916,Illusions,oth0227.txt,3,1,Added
DORGE_JEANNE,Oth,7,1916,The Flight,oth0228.txt,3,1,Added
MORGAN_EMANUEL,Oth,7,1916,Opus 11,oth0229.txt,3,1,Added
BODENHEIM_MAXWELL,Oth,7,1916,Cleaving,oth0230.txt,3,1,Added
KREYMBORG_ALFRED,Oth,7,1916,Dawns,oth0231.txt,3,1,Added
WOLFF_ADOLF,Oth,7,1916,Mending,oth0232.txt,3,1,Added
COLUM_PADRAIC,Oth,7,1916,The Beast Shop,oth0233.txt,3,1,Added
BYNNER_WITTER,Oth,7,1916,The Highest Bidder,oth0234.txt,3,1,Added
MICHELSON_MAX,Oth,7,1916,The Magician,oth0235.txt,3,1,Added
LOY_MINA,Oth,7,1916,To You,oth0236.txt,3,1,Added
SANBORN_PITTS,Oth,7,1916,Idyl,oth0237.txt,3,1,Added
WILLIAMS_WILLIAM,Oth,7,1916,Drink,oth0238.txt,3,1,Added
MING_T'aoYuan,Oth,7,1916,From the Chinese (tr. Ezra Pound),oth0239.txt,3,1,Added
MARTINEZ_R,Oth,8,1916,The Contemporary Sancho Panza,oth0240.txt,3,2,Added
MARTINEZ_R,Oth,8,1916,"Fragments of ""Las Imposibles""",oth0241.txt,3,2,Added
MARTINEZ_R,Oth,8,1916,My Life is a Memory,oth0242.txt,3,2,Added
MARTINEZ_R,Oth,8,1916,Who Can Tell Me. . .?,oth0243.txt,3,2,Added
MARTINEZ_R,Oth,8,1916,The Sensation of a Smell,oth0244.txt,3,2,Added
MARTINEZ_R,Oth,8,1916,Rest,oth0245.txt,3,2,Added
CHOCANO_JOSE,Oth,8,1916,The Song of the Road,oth0246.txt,3,2,Added
ZELAYA_ALFONSO,Oth,8,1916,"Lord, I ask a GardenÅc",oth0247.txt,3,2,Added
LOPEZ_LUIS,Oth,8,1916,Verses to the Moon,oth0248.txt,3,2,Added
LASTRA_JUAN,Oth,8,1916,Vas Doloris,oth0249.txt,3,2,Added
DIAZ_LEOPOLD,Oth,8,1916,Jesus and Renan,oth0250.txt,3,2,Added
SILVA_JOSE,Oth,8,1916,The Disease of the Century,oth0251.txt,3,2,Added
MONROE_HARRIET,Oth,9,1916,At Noon,oth0252.txt,3,3,Added
D_H,Oth,9,1916,Pear Tree,oth0253.txt,3,3,Added
D_H,Oth,9,1916,Evening,oth0254.txt,3,3,Added
SKINNER_CONSTANCE,Oth,9,1916,Song of Basket-Weaving,oth0255.txt,3,3,Added
DEFORD_MIRIAM,Oth,9,1916,Hindu Love Chants,oth0256.txt,3,3,Added
WILKINSON_MARGUERITE,Oth,9,1916,An Incantation,oth0257.txt,3,3,Added
HARRINGTON_ELLEN,Oth,9,1916,Matrix,oth0258.txt,3,3,Added
LEE_MUNA,Oth,9,1916,You loveÅc,oth0259.txt,3,3,Added
FRANK_FLORENCE,Oth,9,1916,Visitation,oth0260.txt,3,3,Added
DORGE_JEANNE,Oth,9,1916,The Intruder,oth0261.txt,3,3,Added
DORGE_JEANNE,Oth,9,1916,The Chameleon,oth0262.txt,3,3,Added
SEIFFERT_MARJORIE,Oth,9,1916,Spectrum,oth0263.txt,3,3,Added
GUNN_ELIZABETH,Oth,9,1916,Retribution,oth0264.txt,3,3,Added
BUSS_KATE,Oth,9,1916,Tea room,oth0265.txt,3,3,
BUSS_KATE,Oth,9,1916,Curves,oth0266.txt,3,3,
BUSS_KATE,Oth,9,1916,Arabelle,oth0267.txt,3,3,
HOYT_HELEN,Oth,9,1916,To a Pregnant Woman,oth0268.txt,3,3,Added
ANONYMOUS,Oth,9,1916,The Passing,oth0269.txt,3,3,Added - No Author
DAVIS_JEAN,Oth,9,1916,Our Camilla,oth0270.txt,3,3,Added
BENET_LAURA,Oth,9,1916,The Penny,oth0271.txt,3,3,Added
PATTON_MARION,Oth,9,1916,White Tremor,oth0272.txt,3,3,Added
ALDIS_MARY,Oth,9,1916,Beans,oth0273.txt,3,3,Added
BODENHEIM_MAXWELL,Oth,12,1916,Certain Men,oth0274.txt,3,4,Added
BODENHEIM_MAXWELL,Oth,12,1916,After-Pain,oth0275.txt,3,4,Added
BODENHEIM_MAXWELL,Oth,12,1916,The Ghost Sword,oth0276.txt,3,4,Added
BODENHEIM_MAXWELL,Oth,12,1916,Love,oth0277.txt,3,4,Added
BODENHEIM_MAXWELL,Oth,12,1916,Weariness,oth0278.txt,3,4,Added
BODENHEIM_MAXWELL,Oth,12,1916,Thoughts While Walking,oth0279.txt,3,4,Added
BODENHEIM_MAXWELL,Oth,12,1916,Old Man in a Hammock,oth0280.txt,3,4,Added
BODENHEIM_MAXWELL,Oth,12,1916,Walking,oth0281.txt,3,4,Added
BODENHEIM_MAXWELL,Oth,12,1916,Portrait,oth0282.txt,3,4,Added
BODENHEIM_MAXWELL,Oth,12,1916,Life,oth0283.txt,3,4,Added
BODENHEIM_MAXWELL,Oth,12,1916,Friendship,oth0284.txt,3,4,Added
BODENHEIM_MAXWELL,Oth,12,1916,Streets,oth0285.txt,3,4,Added
BODENHEIM_MAXWELL,Oth,12,1916,Talks,oth0286.txt,3,4,Added
WILLIAMS_WILLIAM,Oth,12,1916,Keller Gegen Dom,oth0287.txt,3,4,Added
WILLIAMS_WILLIAM,Oth,12,1916,Love Song,oth0288.txt,3,4,Added
WILLIAMS_WILLIAM,Oth,12,1916,The Old Men,oth0289.txt,3,4,Added
WILLIAMS_WILLIAM,Oth,12,1916,The Young Housewife,oth0290.txt,3,4,Added
WILLIAMS_WILLIAM,Oth,12,1916,Portrait of a Woman in Bed,oth0291.txt,3,4,Added
WILLIAMS_WILLIAM,Oth,12,1916,Mujer,oth0292.txt,3,4,Added
WILLIAMS_WILLIAM,Oth,12,1916,K.McD,oth0293.txt,3,4,Added
WILLIAMS_WILLIAM,Oth,12,1916,Spring Trains,oth0294.txt,3,4,Added
WILLIAMS_WILLIAM,Oth,12,1916,El Hombre,oth0295.txt,3,4,Added
WILLIAMS_WILLIAM,Oth,12,1916,New Prelude,oth0296.txt,3,4,Added
WILLIAMS_WILLIAM,Oth,12,1916,Danse Russe,oth0297.txt,3,4,Added
WILLIAMS_WILLIAM,Oth,12,1916,Ballet,oth0298.txt,3,4,Added
WILLIAMS_WILLIAM,Oth,12,1916,Good-Night,oth0299.txt,3,4,Added
WILLIAMS_WILLIAM,Oth,12,1916,Spring Song,oth0300.txt,3,4,Added
WILLIAMS_WILLIAM,Oth,12,1916,Fire Spirit,oth0301.txt,3,4,Added
WILLIAMS_WILLIAM,Oth,12,1916,Pastoral,oth0302.txt,3,4,Added
KREYMBORG_ALFRED,Oth,12,1916,Stones,oth0303.txt,3,4,Added
KREYMBORG_ALFRED,Oth,12,1916,Dolce,oth0304.txt,3,4,Added
KREYMBORG_ALFRED,Oth,12,1916,Clay,oth0305.txt,3,4,Added
KREYMBORG_ALFRED,Oth,12,1916,Westminster,oth0306.txt,3,4,Added
KREYMBORG_ALFRED,Oth,12,1916,Camel,oth0307.txt,3,4,Added
KREYMBORG_ALFRED,Oth,12,1916,Illusion,oth0308.txt,3,4,Added
KREYMBORG_ALFRED,Oth,12,1916,Leafless,oth0309.txt,3,4,Added
KREYMBORG_ALFRED,Oth,12,1916,No?,oth0310.txt,3,4,Added
KREYMBORG_ALFRED,Oth,12,1916,Robins,oth0311.txt,3,4,Added
KREYMBORG_ALFRED,Oth,12,1916,Parrakeets,oth0312.txt,3,4,Added
KREYMBORG_ALFRED,Oth,12,1916,Ducklings,oth0313.txt,3,4,Added
KREYMBORG_ALFRED,Oth,12,1916,Gold Pieces,oth0314.txt,3,4,Added
KREYMBORG_ALFRED,Oth,12,1916,Mollusc,oth0315.txt,3,4,Added
KREYMBORG_ALFRED,Oth,12,1916,Chinaman,oth0316.txt,3,4,Added
KREYMBORG_ALFRED,Oth,12,1916,Hemstitches,oth0317.txt,3,4,Added
KREYMBORG_ALFRED,Oth,12,1916,The Cup,oth0318.txt,3,4,Added
KREYMBORG_ALFRED,Oth,12,1916,Matins,oth0319.txt,3,4,Added
KREYMBORG_ALFRED,Oth,12,1916,New York,oth0320.txt,3,4,Added
KREYMBORG_ALFRED,Oth,12,1916,Changeable,oth0321.txt,3,4,Added
KREYMBORG_ALFRED,Oth,12,1916,Old Beggar Heels,oth0322.txt,3,4,Added
KREYMBORG_ALFRED,Oth,12,1916,A Clerk's Litany,oth0323.txt,3,4,Added
KREYMBORG_ALFRED,Oth,12,1916,Poetry,oth0324.txt,3,4,Added
KNISH_ANNE,Oth,1,1917,Opus 344,oth0325.txt,3,5,
KNISH_ANNE,Oth,1,1917,Opus 380,oth0326.txt,3,5,
KNISH_ANNE,Oth,1,1917,Opus 371,oth0327.txt,3,5,
KNISH_ANNE,Oth,1,1917,Opus 360,oth0328.txt,3,5,
KNISH_ANNE,Oth,1,1917,Opus 389,oth0329.txt,3,5,
KNISH_ANNE,Oth,1,1917,Opus 344,oth0330.txt,3,5,Added
HAY_ELIJAH,Oth,1,1917,To A.,oth0331.txt,3,5,Added
HAY_ELIJAH,Oth,1,1917,Nightmare after talking with worldly women,oth0332.txt,3,5,
HAY_ELIJAH,Oth,1,1917,Night,oth0333.txt,3,5,
HAY_ELIJAH,Oth,1,1917,Spectrum of Mrs. X.,oth0334.txt,3,5,
HAY_ELIJAH,Oth,1,1917,Spectrum of Mrs. Y.,oth0335.txt,3,5,
HAY_ELIJAH,Oth,1,1917,Spectrum of Mrs. Z.,oth0336.txt,3,5,
HAY_ELIJAH,Oth,1,1917,Spectrum of Mrs. & so forth,oth0337.txt,3,5,
HAY_ELIJAH,Oth,1,1917,Lolita a respectable woman,oth0338.txt,3,5,
MORGAN_EMANUEL,Oth,1,1917,Opus 88,oth0339.txt,3,5,
MORGAN_EMANUEL,Oth,1,1917,Opus 115,oth0340.txt,3,5,
MORGAN_EMANUEL,Oth,1,1917,Opus 106,oth0341.txt,3,5,
MORGAN_EMANUEL,Oth,1,1917,Opus 81,oth0342.txt,3,5,
MORGAN_EMANUEL,Oth,1,1917,Opus 97,oth0343.txt,3,5,
MORGAN_EMANUEL,Oth,1,1917,Opus 103,oth0344.txt,3,5,
MORGAN_EMANUEL,Oth,1,1917,Prism on the present state of poetry,oth0345.txt,3,5,"Co-Authored by Morgan_Emanuel, Anne_Knish, and Elijah_Hay"
LOY_MINA,Oth,4,1917,Songs to Joannes,oth0346.txt,3,6,Added
ANDERSON_SHERWOOD,Oth,6,1917,Song of the Soul of Chicago,oth0347.txt,4,1,Added
ANDERSON_SHERWOOD,Oth,6,1917,Song Long After,oth0348.txt,4,1,Added
ANDERSON_SHERWOOD,Oth,6,1917,The Cornfields,oth0349.txt,4,1,Added
ALDIS_MARY,Oth,6,1917,C.S.,oth0350.txt,4,1,Added
ALDIS_MARY,Oth,6,1917,Where is God?,oth0351.txt,4,1,Added
DAWSON_MITCHELL,Oth,6,1917,Norma Lee: A Lustrum,oth0352.txt,4,1,Added
DAWSON_MITCHELL,Oth,6,1917,Pebble,oth0353.txt,4,1,Added
DAWSON_MITCHELL,Oth,6,1917,At Cetara,oth0354.txt,4,1,Added
DAWSON_MITCHELL,Oth,6,1917,Smoke,oth0355.txt,4,1,Added
MACARTHUR_ALFRED,Oth,6,1917,Nocturn,oth0356.txt,4,1,Added
MICHELSON_MAX,Oth,6,1917,My City,oth0357.txt,4,1,Added
MICHELSON_MAX,Oth,6,1917,Portrait of My Father,oth0358.txt,4,1,Added
MICHELSON_MAX,Oth,6,1917,"""Pretty Baby""",oth0359.txt,4,1,Added
MICHELSON_MAX,Oth,6,1917,The Journey,oth0360.txt,4,1,Added
MICHELSON_MAX,Oth,6,1917,Expectation,oth0361.txt,4,1,Added
MICHELSON_MAX,Oth,6,1917,"Kate, Sixteen, Reads Pollyanna",oth0362.txt,4,1,Added
SANDBURG_CARL,Oth,6,1917,Intercessions of Certain Fat Men at the Blackstone,oth0363.txt,4,1,Added
SANDBURG_CARL,Oth,6,1917,Jinx,oth0364.txt,4,1,Added
SANDBURG_CARL,Oth,6,1917,Cool Tombs,oth0365.txt,4,1,Added
SAPHIER_WILLIAM,Oth,6,1917,The Gear Cutter,oth0366.txt,4,1,Added
SAPHIER_WILLIAM,Oth,6,1917,The Planer,oth0367.txt,4,1,Added
SAPHIER_WILLIAM,Oth,6,1917,At the Anvil,oth0368.txt,4,1,Added
SAPHIER_WILLIAM,Oth,6,1917,A Dream,oth0369.txt,4,1,Added
SAPHIER_WILLIAM,Oth,6,1917,At the Lathe,oth0370.txt,4,1,Added
SAPHIER_WILLIAM,Oth,6,1917,The Old Oiler,oth0371.txt,4,1,Added
SAPHIER_WILLIAM,Oth,6,1917,At the Bench,oth0372.txt,4,1,Added
SAPHIER_WILLIAM,Oth,6,1917,At the Vice,oth0373.txt,4,1,Added
SEIFFERT_MARJORIE,Oth,6,1917,From the Madison Street Police Station,oth0374.txt,4,1,Added
SEIFFERT_MARJORIE,Oth,6,1917,The Peddler,oth0375.txt,4,1,Added
SEIFFERT_MARJORIE,Oth,6,1917,Portrait of a Gentleman,oth0376.txt,4,1,Added
TIETJENS_EUNICE,Oth,6,1917,The City Wall,oth0377.txt,4,1,Added
TIETJENS_EUNICE,Oth,6,1917,My Servant,oth0378.txt,4,1,Added
TIETJENS_EUNICE,Oth,6,1917,The Dandy,oth0379.txt,4,1,Added
TIETJENS_EUNICE,Oth,6,1917,Chinese New Year,oth0380.txt,4,1,Added
TIETJENS_EUNICE,Oth,6,1917,The Lady of Easy Virtue: An American,oth0381.txt,4,1,Added
TURBYFILL_MARK,Oth,6,1917,Last Season,oth0382.txt,4,1,Added
TURBYFILL_MARK,Oth,6,1917,Sloth,oth0383.txt,4,1,Added
TURBYFILL_MARK,Oth,6,1917,Reality,oth0384.txt,4,1,Added
KREYMBORG_ALFRED,Oth,6,1917,Hen Being,oth0385.txt,4,1,Added
ALDEN_BAXTER,Oth,12,1917, In ink of India and gold,oth0386.txt,4,2,
BODENHEIM_MAXWELL,Oth,12,1917,Parade of conscripted soldiers,oth0387.txt,4,2,
BODENHEIM_MAXWELL,Oth,12,1917,East side children playing,oth0388.txt,4,2,
BODENHEIM_MAXWELL,Oth,12,1917,Meeting,oth0389.txt,4,2,Added
BODENHEIM_MAXWELL,Oth,12,1917,To Dorothy,oth0390.txt,4,2,Added
BODENHEIM_MAXWELL,Oth,12,1917,Whimsy,oth0391.txt,4,2,
BODENHEIM_MAXWELL,Oth,12,1917,Factory-Girl,oth0392.txt,4,2,
BOGAN_LOUISE,Oth,12,1917,Bethrothed,oth0393.txt,4,2,
BOGAN_LOUISE,Oth,12,1917,The Young wife,oth0394.txt,4,2,
DAVIES_MARY,Oth,12,1917, The Moon is a girl,oth0395.txt,4,2,
DORGE_JEANNE,Oth,12,1917,The Convent,oth0396.txt,4,2,
DORGE_JEANNE,Oth,12,1917,The Freshman,oth0397.txt,4,2,
DORGE_JEANNE,Oth,12,1917,Sea-mood,oth0398.txt,4,2,
DORGE_JEANNE,Oth,12,1917,Stolen,oth0399.txt,4,2,
DORGE_JEANNE,Oth,12,1917,The Problem is,oth0400.txt,4,2,
ONEIL_DAVID,Oth,12,1917,Regeneration,oth0401.txt,4,2,
ONEIL_DAVID,Oth,12,1917,A Navajo poet,oth0402.txt,4,2,
ONEIL_DAVID,Oth,12,1917,Inheritance,oth0403.txt,4,2,
ONEIL_DAVID,Oth,12,1917,The Prodigal son,oth0404.txt,4,2,
ONEIL_DAVID,Oth,12,1917,The Unquiet,oth0405.txt,4,2,
ONEIL_DAVID,Oth,12,1917,Lime light,oth0406.txt,4,2,
ROSENTHAL_DAVID,Oth,12,1917,The Paint box,oth0407.txt,4,2,
ROSENTHAL_DAVID,Oth,12,1917,Sylvanettes,oth0408.txt,4,2,
SEIFFERT_MARJORIE,Oth,12,1917,Print by Kiyonaga,oth0409.txt,4,2,
SEIFFERT_MARJORIE,Oth,12,1917,A Print by Hiroshige,oth0410.txt,4,2,
SLOAN_J,Oth,12,1917, Kiss,oth0411.txt,4,2,
SLOAN_J,Oth,12,1917,Pam,oth0412.txt,4,2,
STEVENS_WALLACE,Oth,12,1917,Valley candle,oth0413.txt,4,2,
STEVENS_WALLACE,Oth,12,1917,Thirteen ways of looking at a blackbird,oth0414.txt,4,2,
STEVENS_WALLACE,Oth,12,1917,The Wind shifts,oth0415.txt,4,2,
STEVENS_WALLACE,Oth,12,1917,Meditation,oth0416.txt,4,2,
STEVENS_WALLACE,Oth,12,1917,Gray room,oth0417.txt,4,2,
SANDBURG_CARL,Oth,12,1918,I tried the door,oth0418.txt,5,1,
RIDGE_LOLA,Oth,12,1918,The Woman with jewels,oth0419.txt,5,1,
RIDGE_LOLA,Oth,12,1918, Blossoms,oth0420.txt,5,1,
LOY_MINA,Oth,12,1918, The Black virginity,oth0421.txt,5,1,
SEIFFERT_MARJORIE,Oth,12,1918,Death,oth0422.txt,5,1,
STEVENS_WALLACE,Oth,12,1918,Le monocle de mon oncle,oth0423.txt,5,1,
HAY_ELIJAH,Oth,12,1918,The King sends three cats to Guenevere,oth0424.txt,5,1,
SAPHIER_WILLIAM,Oth,12,1918, Childhood memories,oth0425.txt,5,1,
MORGAN_EMANUEL,Oth,12,1918,Wild,oth0426.txt,5,1,
MORGAN_EMANUEL,Oth,12,1918,Tame,oth0427.txt,5,1,
MORGAN_EMANUEL,Oth,12,1918,New,oth0428.txt,5,1,
MORGAN_EMANUEL,Oth,12,1918,Old,oth0429.txt,5,1,
MORGAN_EMANUEL,Oth,12,1918, Bare,oth0430.txt,5,1,
MORGAN_EMANUEL,Oth,12,1918,Dead,oth0431.txt,5,1,
DORGE_JEANNE,Oth,12,1918,Joy,oth0432.txt,5,1,
KREYMBORG_ALFRED,Oth,12,1918,Midnight caprice,oth0433.txt,5,1,
DEAN_HARRIET,Oth,12,1918, A Dry-coloured vine,oth0434.txt,5,1,
CARR_DAPHNE,Oth,12,1918,Trifles,oth0435.txt,5,1,
CARR_DAPHNE,Oth,12,1918,Amour feminine,oth0436.txt,5,1,
LONG_HANIEL,Oth,1,1919,The Urchin,oth0437.txt,5,2,
LONG_HANIEL,Oth,1,1919,"Domine, Probasti",oth0438.txt,5,2,Added
LONG_HANIEL,Oth,1,1919,Grotesques,oth0439.txt,5,2,
LONG_HANIEL,Oth,1,1919,The Diver,oth0440.txt,5,2,
LONG_HANIEL,Oth,1,1919,A Dawn figure,oth0441.txt,5,2,
LONG_HANIEL,Oth,1,1919,Summer afternoon,oth0442.txt,5,2,
LONG_HANIEL,Oth,1,1919,Girl swimmers,oth0443.txt,5,2,
LONG_HANIEL,Oth,1,1919,In the pines,oth0444.txt,5,2,
LONG_HANIEL,Oth,1,1919,The Cross,oth0445.txt,5,2,
LONG_HANIEL,Oth,1,1919,To sculptors,oth0446.txt,5,2,
LINDSAY_VACHEL,Oth,1,1919,The Daniel jazz,oth0447.txt,5,2,
JOHNSON_FENTON,Oth,1,1919,Tired,oth0448.txt,5,2,
BEEBE_FRANCES,Oth,1,1919,The Wife,oth0449.txt,5,2,
BEEBE_FRANCES,Oth,1,1919,Unclothed,oth0450.txt,5,2,
BEEBE_FRANCES,Oth,1,1919, After life,oth0451.txt,5,2,
BEEBE_FRANCES,Oth,1,1919,Death,oth0452.txt,5,2,
RIDGE_LOLA,Oth,1,1919,Dorothy,oth0453.txt,5,2,
SAPHIER_WILLIAM,Oth,1,1919,The Night shift,oth0454.txt,5,2,
KREYMBORG_ALFRED,Oth,1,1919,Carbon-dioxide,oth0455.txt,5,2,
SEIFFERT_MARJORIE,Oth,1,1919,The Arrival,oth0456.txt,5,2,Added
SEIFFERT_MARJORIE,Oth,1,1919,There's A Ghost,oth0457.txt,5,2,Added
SEIFFERT_MARJORIE,Oth,1,1919,They Who Dance,oth0458.txt,5,2,Added
SEIFFERT_MARJORIE,Oth,1,1919,Pianissimo,oth0459.txt,5,2,Added
SEIFFERT_MARJORIE,Oth,1,1919,Portrait by Zuloaga,oth0460.txt,5,2,Added
SEIFFERT_MARJORIE,Oth,1,1919,Gestures,oth0461.txt,5,2,Added
SEIFFERT_MARJORIE,Oth,1,1919,Veils,oth0462.txt,5,2,Added
SEIFFERT_MARJORIE,Oth,1,1919,Freedom,oth0463.txt,5,2,Added
SEIFFERT_MARJORIE,Oth,1,1919,Mud,oth0464.txt,5,2,Added
SEIFFERT_MARJORIE,Oth,1,1919,Fools Say - ,oth0465.txt,5,2,Added
SCOTT_EVELYN,Oth,2,1919,Women,oth0466.txt,5,3,
SCOTT_EVELYN,Oth,2,1919,Young girls,oth0467.txt,5,3,
HARTLEY_MARSDEN,Oth,2,1919,Scaramouche,oth0468.txt,5,3,
JOHNSON_FENTON,Oth,2,1919,Aunt Hannah Jackson,oth0469.txt,5,3,
JOHNSON_FENTON,Oth,2,1919,Aunt Jane Allen,oth0470.txt,5,3,
JOHNSON_FENTON,Oth,2,1919,The Gambler,oth0471.txt,5,3,
JOHNSON_FENTON,Oth,2,1919,The Barber,oth0472.txt,5,3,
JOHNSON_FENTON,Oth,2,1919,The Drunkard,oth0473.txt,5,3,
AIKEN_CONRAD,Oth,2,1919,Portait of one dead,oth0474.txt,5,3,
WILLIAMS_WILLIAM,Oth,2,1919,Romance moderne,oth0475.txt,5,3,
LINDSAY_VACHEL,Oth,3,1919,The Sea serpent chantey,oth0476.txt,5,4,
HARTLEY_MARSDEN,Oth,3,1919,Swallows,oth0477.txt,5,4,
MOORE_MARIANNE,Oth,3,1919,Radical,oth0478.txt,5,4,
HOYT_HELEN,Oth,3,1919,Vegetable store,oth0479.txt,5,4,
RIDGE_LOLA,Oth,3,1919,Jaguar,oth0480.txt,5,4,
SAPHIER_WILLIAM,Oth,3,1919,Conscience,oth0481.txt,5,4,
KREYMBORG_ALFRED,Oth,3,1919,Arabs,oth0482.txt,5,4,
SANDBURG_CARL,Oth,5,1919,Long guns,oth0483.txt,5,5,
SARETT_LEW,Oth,5,1919,Bet Against Me No Longer: A Chippewa Love Song,oth0484.txt,5,5,Added
JOHNSON_FENTON,Oth,5,1919, The Artist,oth0485.txt,5,5,
JOHNSON_FENTON,Oth,5,1919,Dreams,oth0486.txt,5,5,
WINTERS_ARTHUR,Oth,5,1919,Round eyes,oth0487.txt,5,5,
SCOTT_EVELYN,Oth,5,1919,Penelope,oth0488.txt,5,5,
SCOTT_EVELYN,Oth,5,1919,Young men,oth0489.txt,5,5,
DORGE_JEANNE,Oth,5,1919,The Prayer rug,oth0490.txt,5,5,
DORGE_JEANNE,Oth,5,1919,Defeat,oth0491.txt,5,5,
HOYT_HELEN,Oth,5,1919,For you a transient joy,oth0492.txt,5,5,
CARR_DAPHNE,Oth,5,1919,Steel Town,oth0493.txt,5,5,
ALDEN_BAXTER,Oth,5,1919,"To an Old Korean Paining Avalakitesvara, Goddess of Compassion",oth0494.txt,5,5,
GOULD_WALLACE,Oth,5,1919, Snows,oth0495.txt,5,5,
FUJITA_JUN,Oth,5,1919, Sister,oth0496.txt,5,5,
KREYMBORG_ALFRED,Oth,5,1919,Vision,oth0497.txt,5,5,
MOORE_MARIANNE,Oth,7,1919,Poetry,oth0498.txt,5,6,
KREYMBORG_ALFRED,Oth,7,1919,Nun show,oth0499.txt,5,6,
STROBEL_MARIAN,Oth,7,1919, Collectors,oth0500.txt,5,6,
STROBEL_MARIAN,Oth,7,1919,The Room is as we left it,oth0501.txt,5,6,
SAPHIER_WILLIAM,Oth,7,1919,Destiny,oth0502.txt,5,6,
TURNER_ALVA,Oth,7,1919,Hazel Dean,oth0503.txt,5,6,
TURNER_ALVA,Oth,7,1919,Lillian,oth0504.txt,5,6,
TURNER_ALVA,Oth,7,1919, Dora Northern,oth0505.txt,5,6,
DAWSON_MITCHELL,Oth,7,1919,To diverse contemporaries,oth0506.txt,5,6,
STEVENS_WALLACE,Oth,7,1919,Earthly anecdotes,oth0507.txt,5,6,
STEVENS_WALLACE,Oth,7,1919,Life is motion,oth0508.txt,5,6,
RIDGE_LOLA,Oth,7,1919,Easter dawn,oth0509.txt,5,6,
GOULD_WALLACE,Oth,7,1919, My secret,oth0510.txt,5,6,
GOULD_WALLACE,Oth,7,1919, Poeme erotique,oth0511.txt,5,6,
GOULD_WALLACE,Oth,7,1919, To W,oth0512.txt,5,6,
CARNEVALI_EMMANUEL,Oth,7,1919,Serenade,oth0513.txt,5,6,